The Adventures of Huckleberry Finn,Arthur Golden,Ciencia Ficción,2023,2923520557,Disponible
Gone Girl,Leo Tolstoy,Ficción,1885,4267987118,Disponible
The Da Vinci Code,Gustave Flaubert,Misterio,1966,1938663510,Prestado
Madame Bovary,Ray Bradbury,Terror,1804,1415540459,Disponible
The Metamorphosis,Liane Moriarty,Ficción,1942,7192912269,Disponible
The Adventures of Huckleberry Finn,Jane Austen,Misterio,1941,3496560499,Disponible
The Road,Delia Owens,Ficción,1908,3627335956,Prestado
The Old Man and the Sea,George Orwell,Ciencia Ficción,1959,9143726179,Disponible
The Trial,Alex Michaelides,Drama,1976,9070519314,Prestado
The Grapes of Wrath,Vladimir Nabokov,Fantasía,1861,4400531167,Prestado
Les Misérables,Charles Dickens,Suspenso,1992,6990908657,Disponible
Les Misérables,Louisa May Alcott,Fantasía,1918,3871781157,Prestado
Harry Potter and the Philosopher's Stone,Kathryn Stockett,Suspenso,1877,7937164361,Prestado
The Chronicles of Narnia,Dante Alighieri,Romance,1928,1977260769,Disponible
The Secret Garden,Homer,Suspenso,1902,6953458697,Prestado
The Picture of Dorian Gray,Gustave Flaubert,Clásico,1812,9192319754,Disponible
The Odyssey,Vladimir Nabokov,Suspenso,1812,2497191451,Prestado
The Picture of Dorian Gray,Homer,Suspenso,2009,8294967736,Disponible
The Girl with the Dragon Tattoo,Stephen King,Ficción,1910,6484518484,Prestado
The Silent Patient,E.L. James,Clásico,1832,4915158824,Prestado
The Trial,Veronica Roth,Terror,1990,4594960045,Disponible
Frankenstein,Alice Sebold,Ficción,2013,4034258722,Prestado
Fahrenheit 451,Anthony Burgess,Suspenso,1906,2101502667,Disponible
Treasure Island,William Golding,Drama,1987,9127268086,Disponible
Crime and Punishment,F. Scott Fitzgerald,Romance,1952,3730119926,Disponible
The Maze Runner,Ernest Hemingway,Ficción,1941,8422985982,Prestado
The Shining,Fyodor Dostoevsky,Terror,1855,2285885521,Prestado
The Shining,Franz Kafka,Drama,2015,3160581140,Prestado
To Kill a Mockingbird,Leo Tolstoy,Suspenso,1973,9842690507,Prestado
It,Franz Kafka,Ficción,1869,7864961541,Prestado
One Hundred Years of Solitude,Erin Morgenstern,Ficción,1814,7021096668,Prestado
Emma,Gabriel García Márquez,Drama,1981,6506913953,Prestado
The Iliad,Alice Sebold,Terror,1857,6723385618,Prestado
Sense and Sensibility,Homer,Drama,1982,8072511963,Disponible
The Adventures of Huckleberry Finn,Aldous Huxley,Fantasía,1916,6426545583,Disponible
Beloved,Jane Austen,Terror,1891,6411052579,Prestado
The Count of Monte Cristo,Franz Kafka,Ciencia Ficción,1996,5318109325,Disponible
The Divine Comedy,Homer,Ficción,1845,4271461364,Disponible
Life of Pi,Alex Michaelides,Misterio,1844,2772455623,Disponible
The Fault in Our Stars,Oscar Wilde,Clásico,1874,4702533312,Disponible
The Road,Louisa May Alcott,Ciencia Ficción,2011,3809128278,Disponible
Normal People,Jane Austen,Ciencia Ficción,1832,6584680907,Disponible
Heart of Darkness,Aldous Huxley,Suspenso,1911,7715264100,Prestado
The Silent Patient,Ralph Ellison,Misterio,1813,1711007449,Prestado
Divergent,Dan Brown,Suspenso,1886,2724102431,Disponible
Fifty Shades of Grey,Fyodor Dostoevsky,Misterio,1809,6476936324,Prestado
Dracula,C.S. Lewis,Drama,1811,1683900270,Disponible
Fahrenheit 451,Matt Haig,Romance,1848,5901368465,Prestado
The Fault in Our Stars,William Faulkner,Clásico,1929,6515271880,Disponible
Lolita,Oscar Wilde,Terror,1805,5619280014,Disponible
Emma,Joseph Heller,Romance,2018,5651104307,Disponible
The Night Circus,Jane Austen,Suspenso,2000,2523848660,Prestado
Anna Karenina,Franz Kafka,Aventura,1857,7659654581,Disponible
The Maze Runner,Audrey Niffenegger,Fantasía,1851,1057383545,Prestado
Where the Crawdads Sing,Alex Michaelides,Suspenso,1922,3542039346,Prestado
The Stranger,Joseph Heller,Romance,1843,4169678208,Disponible
Emma,Homer,Suspenso,1860,1209955518,Prestado
Anna Karenina,F. Scott Fitzgerald,Aventura,1990,8169078539,Prestado
Life of Pi,Ernest Hemingway,Suspenso,1937,1765113798,Disponible
The Seven Husbands of Evelyn Hugo,Dan Brown,Romance,1929,9699474120,Disponible
Gone with the Wind,Arthur Golden,Suspenso,1930,8296238016,Disponible
Madame Bovary,Frances Hodgson Burnett,Aventura,2019,5720821402,Prestado
1984,Fredrik Backman,Aventura,1804,5076937345,Disponible
The Seven Husbands of Evelyn Hugo,Leo Tolstoy,Misterio,1999,1876179238,Disponible
Memoirs of a Geisha,Margaret Mitchell,Clásico,1919,5240804348,Prestado
The Catcher in the Rye,Jane Austen,Ficción,2014,7697566215,Prestado
The Road,J.R.R. Tolkien,Misterio,1934,4618335937,Disponible
The Girl with the Dragon Tattoo,Alexandre Dumas,Terror,2006,3675911910,Prestado
The Hobbit,Leo Tolstoy,Suspenso,2003,4060992683,Disponible
War and Peace,Suzanne Collins,Misterio,1851,7221458064,Disponible
Gone with the Wind,John Steinbeck,Fantasía,1875,6171702204,Prestado
The Iliad,Anthony Burgess,Drama,1850,6965945601,Prestado
The Shining,Stephenie Meyer,Ciencia Ficción,1952,2311543972,Prestado
Mansfield Park,Gustave Flaubert,Ciencia Ficción,1802,7149302038,Disponible
Lord of the Flies,Robert Louis Stevenson,Suspenso,1901,2925970416,Disponible
The Scarlet Letter,James Dashner,Misterio,1923,4106202629,Prestado
The Count of Monte Cristo,Paulo Coelho,Aventura,1805,3626109470,Prestado
To Kill a Mockingbird,Delia Owens,Suspenso,2010,3863863285,Prestado
Lord of the Flies,William Faulkner,Terror,1930,2038687456,Disponible
Where the Crawdads Sing,Jane Austen,Drama,1917,7899718841,Disponible
A Tale of Two Cities,Erin Morgenstern,Aventura,1845,1953592811,Prestado
The Old Man and the Sea,Charles Dickens,Aventura,1877,6747153733,Prestado
The Stranger,Louisa May Alcott,Ciencia Ficción,1884,5808168665,Disponible
Little Women,William Faulkner,Misterio,1974,2948263204,Disponible
To Kill a Mockingbird,Stephen King,Romance,1823,5750713305,Prestado
Don Quixote,George Orwell,Drama,1948,6992875378,Disponible
Madame Bovary,George Orwell,Misterio,1837,7714836019,Prestado
The Adventures of Huckleberry Finn,Charlotte Brontë,Drama,1900,5633560366,Disponible
The Secret Garden,Erin Morgenstern,Aventura,1921,7838757774,Disponible
Emma,Homer,Suspenso,1808,8141554902,Disponible
Treasure Island,Sally Rooney,Misterio,1908,5910610156,Disponible
Gone Girl,Stephen King,Suspenso,1969,2580064636,Prestado
The Alchemist,Brit Bennett,Drama,1836,4484354012,Prestado
War and Peace,Brit Bennett,Misterio,1819,1847990072,Prestado
The Lovely Bones,Yann Martel,Ficción,1932,9739018260,Disponible
Alice's Adventures in Wonderland,Jane Austen,Clásico,1914,5164711305,Disponible
The Old Man and the Sea,Herman Melville,Terror,1849,9684032214,Disponible
Emma,Matt Haig,Romance,1920,2556946571,Disponible
Fifty Shades of Grey,Franz Kafka,Suspenso,1960,7461952653,Prestado
Life of Pi,C.S. Lewis,Aventura,1929,6998930097,Prestado
